Rs28942089(C;T),9,Bad,"Denys-Drash syndrome"
Rs28941779(C;T),9,Bad,"Frasier syndrome mutation"
Rs28941778(A;G),9,Bad,"Denys-Drash syndrome"
Rs1064651(G;G),8,Bad,"possibly Gaucher's disease, but more likely a mis-oriented interpretation"
Rs28934578(A;A),8,Bad,"info@snpedia.com would like to hear from you"
Rs28934875(C;G),7,Bad,"pathogenic/causal mutation for Li-Fraumeni syndrome"
Rs62625306(G;T),7,Bad,"BRCA1 pathogenic mutation associated with breast cancer"
Rs28897696(A;A),7,Bad,"carrier of two copies of BRCA1 variant; likely to be at high risk for breast/ovarian cancer"
Rs62625307(C;T),7,Bad,"BRCA1 pathogenic mutation associated with breast cancer"
Rs28934573(C;T),7,Bad,"pathogenic/causal mutation for Li-Fraumeni syndrome"
Rs41286296(G;T),7,Bad,"BRCA1 pathogenic mutation associated with breast cancer"
Rs62514953(T;T),6,Bad,Phenyketonuria
Rs28937907(T;T),6,Bad,"possible polycystic kidney disease"
Rs5030861(A;A),6,Bad,Phenylketonuria
Rs41293465(C;T),6,Bad,"BRCA1 pathogenic mutation associated with breast cancer"
Rs28934873(C;T),6,Bad,"pathogenic/causal mutation for Li-Fraumeni syndrome"
Rs5030853(T;T),6,Bad,Phenylketonuria
Rs28897686(G;T),6,Bad,"BRCA1 pathogenic mutation associated with breast cancer"
Rs5030849(A;A),6,Bad,"PHENYLKETONURIA, MILD"
Rs28939383(T;T),6,Bad,"Polycystic kidney disease"
Rs5030855(A;A),6,Bad,Phenylketonuria
Rs41293461(A;G),6,Bad,"BRCA1 variant considered pathogenic for breast cancer"
Rs11539445(A;A),6,Bad,"Mitochondrial respiratory chain (RC) disorder allele"
Rs72555391(A;A),6,Bad,"Mucopolysaccharidosis Type IVB"
Rs11540652(A;G),6,Bad,"pathogenic/causal mutation for Li-Fraumeni syndrome"
Rs28897696(A;C),6,Bad,"BRCA1 variant reported to be pathogenic for breast cancer"
Rs5030841(C;C),6,Bad,Phenylketonuria
Rs5030868(T;T),6,Bad,"Homozygous/Hemizygous mutant"
Rs28934577(A;T),6,Bad,"pathogenic/causal mutation for Li-Fraumeni syndrome"
Rs5030852(A;A),6,Bad,Phenylketonuria
Rs1800747(A;G),6,Bad,"BRCA1 pathogenic mutation associated with breast cancer"
Rs5030857(T;T),6,Bad,Phenylketonuria
Rs28937594(C;C),6,Bad,"Inclusion Body Myopathy, type 2"
Rs5030858(T;T),6,Bad,Phenylketonuria
Rs28934576(A;G),5,Bad,"pathogenic/causal mutation for Li-Fraumeni syndrome"
Rs28930069(G;G),5,Bad,"Hypokalemic periodic paralysis risk"
Rs45546039(A;A),5,Bad,"associated with cardiomyopathy and arrhythmias"
Rs28937316(A;A),5,Bad,"long QT syndrome"
Rs41309764(C;T),5,Bad,"Congenital heart disease and valve calcification likely"
Rs28934575(A;G),5,Bad,"pathogenic/causal mutation for Li-Fraumeni-like syndrome"
Rs34502690(AGG;AGG),5,,"not clear. please email info@snpedia.com"
Rs61750420(A;A),5,Bad,"peroxisomal biogenesis disorder (Zellweger) allele"
Rs28940871(G;G),5,,"23andMe = Tay-Sachs disease likely, but on other platforms this may be the normal form"
Rs41309764(T;T),5,Bad,"Congenital heart disease and valve calcification"
Rs28933375(G;G),5,Bad,"Familial Hemophagocytic Lymphohistiocytosis and Lymphoma"
Rs63750451(T;T),5,Bad,"hereditary nonpolyposis colorectal cancer (HNPCC4)"
Rs28940871(C;G),5,Bad,"Tay-Sachs carrier"
Rs55770810(T;T),5,Bad,"carrier of two copies of BRCA1 variant; likely to be at higher risk for breast/ovarian cancer"
Rs28934576(A;A),5,Bad,"Li-Fraumeni Syndrome"
Rs28930068(A;A),5,Bad,"Hypokalemic periodic paralysis risk"
Rs5030849(A;G),5,Bad,"carrier for a mild form of PHENYLKETONURIA"
Rs28936383(G;G),5,Bad,"Limb-girdle muscular dystrophy-dystroglycanopathy"
Rs55770810(C;T),5,Bad,"carrier of BRCA1 variant likely to be pathogenic"
Rs1135824(G;G),4.5,Bad,"Two copies of CYP2D6*3B non-functioning variant"
Rs41298442(G;G),4,Bad,"dystonia due to autosomal recessive GCH1 mutation"
Rs28937318(A;A),4,Bad,"Brugada syndrome 1"
Rs5742904(A;A),4,Bad,"Hypercholesterolemia, Type B; homozygote"
Rs8192466(T;T),4,,uncertain
Rs61750612(T;T),4,Bad,"Von Willebrand disease, type 3"
Rs28897672(G;T),4,Bad,"considered a pathogenic breast cancer variant"
Rs28934578(A;G),4,Bad,"Li-Fraumeni syndrome?? (an inherited cancer predisposition - but see note below)"
Rs1800559(A;G),4,Bad,"susceptibility to malignant hyperthermia"
Rs36212066(D;D),4,Bad,"Hypertrophic Cardiomyopathy"
Rs9332964(A;A),4,Bad,micropenis
Rs61748497(C;C),4,Bad,"Von Willebrand disease, type 2N"
Rs28933390(T;T),4,Bad,"Pseudocholinesterase Deficiency"
Rs28931569(C;C),4,,"high risk of emphysema"
Rs28897672(G;G),4,Bad,"BRCA1 breast cancer mutation"
Rs28929474(A;A),4,Bad,"Alpha-1 Antitrypsin Deficiency"
Rs1800559(A;A),4,Bad,"susceptibility to malignant hyperthermia"
Rs61750630(T;T),4,Bad,"Von Willebrand disease, type 3"
Rs28931568(A;A),4,Bad,"high risk of emphysema due to Alpha 1-Antitrypsin Deficiency"
Rs63750451(C;T),4,Bad,"hereditary nonpolyposis colorectal cancer (HNPCC4)"
Rs5030867(C;C),4,,"CYP2D6*7 homozygote"
Rs63750847(A;A),4,Good,"resistance to Alzheimer's disease"
Rs9333649(C;G),4,Bad,"associated with long QT syndrome"
Rs1048095(C;T),4,Bad,"Reported to be associated with permanent neonatal diabetes mellitus"
Rs2272783(C;C),4,Bad,"likely erythropoietic protoporphyria symptoms"
Rs1050828(A;A),4,Bad,"G6PD deficiency"
Rs61748478(G;G),4,Bad,"Von Willebrand disease, type 2N"
Rs61748477(T;T),4,Bad,"Von Willebrand disease, type 2N"
Rs45620037(T;T),4,Bad,"increased risk for dilated cardiomyopathy"
Rs1800497(T;T),4,Bad,"A1/A1: Bad at avoidance of errors. 0.25x lower OCD; 0.56x lower Tardive Diskinesia; higher ADHD; 1.4x Alcohol Dependence; lower Postoperative Nausea; Increased obesity; less pleasure response; Bupropion ineffective; 2.4x risk for adenoma recurrence."
Rs9333649(C;C),4,Bad,"associated with long QT syndrome"
Rs61751296(T;T),4,Bad,"Von Willebrand disease, type 3"
Rs1799807(G;G),4,Bad,"Homozygous for ""atypical"" BuChE; see warning re drug (incl. anesthetic) use"
Rs61754002(A;A),4,Bad,"Von Willebrand disease, type 2N"
Rs45546039(A;G),4,Bad,"associated with cardiomyopathy and arrhythmias"
Rs61750584(C;C),4,Bad,"Von Willebrand disease, type 2A"
Rs17107315(C;C),4,Bad,"risk of pancreatitis"
Rs28937316(A;G),4,Bad,"associated with Long QT Syndrome"
Rs1800462(C;C),3.5,Bad,"incapable of detoxifying"
Rs28940579(C;C),3.5,Bad,"familial Mediterranean fever"
Rs1800460(A;A),3.5,Bad,"incapable of detoxifying byproducts of certain drugs"
Rs63750871(T;T),3.5,Bad,"predisposition for mismatch repair cancer syndrome?"
Rs3918290(A;A),3.5,Bad,"5-fluorouracil toxicity"
Rs1799807(A;G),3.5,Bad,"Heterozygous for ""atypical"" BuChE"
Rs17602729(A;T),3.5,,"Really unexpected!"
Rs28941774(T;T),3.5,Bad,Porphyria
Rs28934574(C;T),3.5,Bad,"possible association with Li-Fraumeni-like syndrome"
Rs28940580(A;A),3.5,Bad,"familial Mediterranean fever"
Rs6025(A;A),3.5,Bad,"9x risk of thrombosis"
Rs11549407(T;T),3.5,Bad,"Beta Thalassemia major, Hemoglobin beta-zero, nonsense mutation"
Rs28930069(C;G),3.5,Bad,"Hypokalemic periodic paralysis risk"
Rs28933390(G;T),3.5,Bad,"Pseudocholinesterase Deficiency carrier"
Rs1800546(C;G),3.5,Bad,"Carrier for high risk of of hereditary fructose intolerance (HFI)"
Rs5742905(C;C),3.5,Bad,"Mild clinical homocystinuria which is responsive to vitamin B6"
Rs1800584(A;A),3.5,Bad,"TPMT*4A homozygote; likely issues detoxifying certain drugs"
Rs34451549(C;T),3.5,Bad,"Transfusion-dependent thalassemia major"
Rs28930068(A;G),3.5,Bad,"Hypokalemic periodic paralysis risk"
Rs28933389(T;T),3.5,Bad,"Pseudocholinesterase Deficiency"
Rs28940580(A;C),3.5,Bad,"familial Mediterranean fever"
Rs2231142(A;A),3.5,Bad,"causes gout"
Rs63750847(A;G),3.5,Good,"carrier for reduced risk of Alzheimer's disease"
Rs34598529(G;G),3.5,Bad,"Beta thalassemia"
Rs28940578(A;A),3.5,Bad,"familial Mediterranean fever"
Rs1142345(G;G),3.5,Bad,"possibly incapable of detoxifying"
Rs28941775(G;G),3.5,Bad,Porphyria
Rs28931568(A;G),3.5,Bad,"carrier of the most common cause of Alpha 1-Antitrypsin Deficiency"
Rs5352(A;A),3.5,Bad,"Hirschsprung disease?"
Rs17602729(G;T),3.4,,"unexpected genotype"
Rs6151429(G;G),3.3,Bad,"pseudoarylsulfatase A deficiency (possible)"
Rs351855(T;T),3.2,Bad,"2x increased prostate cancer risk; among breast cancer patients, herceptin is less effective"
Rs2981582(T;T),3.2,Bad,"1.7x higher risk of ER+ breast cancer"
Rs1065852(T;T),3.2,Bad,"Homozygous for CYP2D6 decreased or non-functioning variants."
Rs1800566(T;T),3.1,Bad,"Benzene toxicity; cancer risks"
Rs28933389(C;T),3.1,Bad,"Pseudocholinesterase Deficiency carrier"
Rs738409(C;C),3.1,Bad,"higher odds of alcoholic liver disease, increased liver fat"
Rs61750101(G;G),3,Bad,"Von Willebrand disease, type 2A"
Rs60554162(A;G),3,,"heterozygote for pachyonychia congenita Type I mutation"
Rs28933668(T;T),3,,
Rs61748497(C;T),3,Bad,"carrier of a Von Willebrand disease allele"
Rs1142345(A;G),3,Bad,"TPMT*3C . impaired drug metabolism"
Rs5030655(-;-),3,,"CYP2D6*6 poor metabolizer phenotype"
Rs61751310(C;C),3,Bad,"Von Willebrand disease, type 2A"
Rs59349773(A;C),3,,"heterozygote for pachyonychia congenita Type I mutation"
Rs61749397(A;A),3,Bad,"Von Willebrand disease, type 2B"
Rs2107301(T;T),3,Bad,"2.5x higher risk for prostate cancer"
Rs28940580(A;G),3,Bad,"carrier of an allele for Familial Mediterranean Fever"
Rs61749387(T;T),3,Bad,"Von Willebrand disease, type 2B"
Rs28928894(C;T),3,,"heterozygote for pachyonychia congenita Type I mutation"
Rs28933676(C;C),3,,
Rs61749398(A;G),3,Bad,"Von Willebrand disease, type 2M"
Rs1121980(T;T),3,Bad,"2.76x risk for obesity"
Rs2145418(G;T),3,Bad,"5.0x increased thyroid cancer risk"
Rs3218713(A;G),3,Bad,"Familial Hypertrophic Cardiomyopathy"
Rs61749393(C;G),3,Bad,"Von Willebrand disease, type 2B"
Rs2981582(C;T),3,Bad,"1.3x higher risk of ER+ breast cancer"
Rs61754010(A;G),3,Bad,"Von Willebrand disease, type 2A"
Rs28933681(A;A),3,,
Rs28939383(C;T),3,Bad,"carrier of a polycystic kidney disease allele"
Rs1801133(T;T),3,Bad,"homozygous for C677T of MTHFR = 10-20% efficiency in processing folic acid = high homocysteine, low B12 and folate levels"
Rs3738579(T;T),3,Bad,"1.5x - 2x increased risk for cervical cancer, HNSCC, and breast cancer"
Rs61749384(C;T),3,Bad,"Von Willebrand disease, type 2B"
Rs5030855(A;G),3,Bad,"carrier of Phenylketonuria allele"
Rs17107315(C;T),3,Bad,"risk of pancreatitis"
Rs1799884(A;A),3,Bad,"2.7x increased risk for Type 2 Diabetes. Mothers have babies 54g heavier."
Rs61750630(G;T),3,Bad,"carrier of a Von Willebrand disease allele"
Rs28933087(G;T),3,,"heterozygote for pachyonychia congenita Type I mutation"
Rs28933671(G;G),3,,
Rs72555391(A;G),3,Bad,"carrier of a Mucopolysaccharidosis Type IVB allele"
Rs61749403(A;A),3,Bad,"Von Willebrand disease, type 2B"
Rs1042838(T;T),3,Bad,"1.42x risk for endometrial ovarian cancer; overlaps with rs608995"
Rs60554162(A;A),3,,"homozygote for pachyonyitia congenita Type I mutation"
Rs28937287(G;G),3,,
Rs17602729(T;T),3,Bad,"AMPD1 deficiency homozygous"
Rs28937272(G;G),3,,
Rs28928905(A;G),3,Bad,"possible association with long QT syndrome"
Rs5848(A;A),3,Bad,"increased dementia risk"
Rs28940579(C;T),3,Bad,"familial Mediterranean fever carrier"
Rs2187668(A;A),3,Bad,"Autoimmune disorder risk (lupus, celiac disease) due to 2 HLA-DRB1*0301 alleles"
Rs59349773(C;C),3,,"homozygote for pachyonychia congenita Type I mutation"
Rs1800460(A;G),3,Bad,"(TPMT*3B) impaired drug metabolism"
Rs28933673(A;A),3,,
Rs3918290(A;G),3,Bad,"some 5-fluorouracil toxicity"
Rs28940580(C;G),3,Bad,"carrier for an allele of Familial Mediterranean Fever"
Rs28928894(C;C),3,,"homozygote for pachyonychia congenita Type I mutation"
Rs16910526(C;C),3,,
Rs61750420(A;G),3,Bad,"carrier of peroxisomal biogenesis disorder (Zellweger) allele"
Rs61749398(A;A),3,Bad,"Von Willebrand disease, type 2M"
Rs28937591(G;G),3,,"deafness expected"
Rs1800584(A;G),3,Bad,"TPMT*4A heterozygote; possible issues detoxifying certain drugs"
Rs61748478(A;G),3,Bad,"carrier of a Von Willebrand disease allele"
Rs61748477(C;T),3,Bad,"carrier of a Von Willebrand disease allele"
Rs925391(T;T),3,Good,"unlikely to go bald"
Rs61749393(C;C),3,Bad,"Von Willebrand disease, type 2B"
Rs258322(T;T),3,Bad,"2x increased risk of Melanoma"
Rs59328451(A;T),3,,"heterozygote for pachyonychia congenita Type I mutation"
Rs17602729(A;A),3,Bad,"AMPD1 deficiency homozygous (orientation reversed)"
Rs28928904(G;T),3,Bad,"possibly increased susceptibility to long QT syndrome"
Rs61749392(C;G),3,Bad,"Von Willebrand disease, type 2B"
Rs57424749(C;G),3,,"heterozygote for pachyonychia congenita Type I mutation"
Rs61749384(T;T),3,Bad,"Von Willebrand disease, type 2B"
Rs28933679(G;G),3,,
Rs28933087(G;G),3,,"homozygote for pachyonychia congenita Type I mutation"
Rs3135391(T;T),3,Bad,"3 to 6 fold higher risk for multiple sclerosis"
Rs28933675(T;T),3,,
Rs6265(A;A),3,Bad,"introversion; depression resistant; impaired motor skills learning"
Rs28933405(T;T),3,Bad,"Familial Hypertrophic Cardiomyopathy"
Rs61750581(C;T),3,Bad,"Von Willebrand disease, type 2A"
Rs28928905(A;A),3,Bad,"possible association with long QT syndrome"
Rs45620037(C;T),3,Bad,"increased risk for dilated cardiomyopathy"
Rs5030841(C;T),3,Bad,"carrier of Phenylketonuria allele"
Rs61749380(C;T),3,Bad,"Von Willebrand disease, type 2M"
Rs5030868(C;T),3,Bad,"G6PD Heterozygous"
Rs2844682(T;T),3,,
Rs28931573(T;T),3,,"homozygous for the APOA1 Milano variant"
Rs61754011(A;G),3,Bad,"Von Willebrand disease, type 2A"
Rs5030852(A;G),3,Bad,"carrier of Phenylketonuria allele"
Rs1042522(C;C),3,Good,"Live 3 years longer. Chemotherapy is more effective."
Rs28933682(G;G),3,,
Rs1800497(C;C),3,Good,"Normal (A2/A2): Better avoidance of errors. Normal OCD risk, normal Tardive Diskinesia risk, lower ADHD risk. Less Alcohol dependence. Higher risk of Postoperative Nausea. Lower obesity. Bupropion is effective."
Rs61751296(C;T),3,Bad,"carrier of a Von Willebrand disease allele"
Rs5030857(C;T),3,Bad,"carrier of Phenylketonuria allele"
Rs28937594(C;T),3,Bad,"carrier of one inclusion body myopathy allele"
Rs61749372(C;T),3,Bad,"Von Willebrand disease, type 2A"
Rs28933670(G;G),3,,
Rs28933674(A;A),3,,
Rs1064651(C;G),3,Bad,"carrier of Gaucher disease allele"
Rs28929474(A;G),3,Bad,"carrier for Alpha-1 Antitrypsin Deficiency"
Rs12713559(C;T),3,Bad,"carrier of possible familial hypercholesterolemia mutation"
Rs3218714(T;T),3,Bad,"Familial Hypertrophic Cardiomyopathy"
Rs5030858(C;T),3,Bad,"carrier of Phenylketonuria allele"
Rs28371733(C;C),3,,"Homozygous for non-functioning CYP2D6*4H variant."
Rs59328451(T;T),3,,"homozygote for pachyonychia congenita Type I mutation"
Rs61754010(G;G),3,Bad,"Von Willebrand disease, type 2A"
Rs28928904(G;G),3,Bad,"possibly increased susceptibility to long QT syndrome"
Rs61749392(C;C),3,Bad,"Von Willebrand disease, type 2B"
Rs28941775(A;G),3,Bad,"Porphyria carrier"
Rs57424749(C;C),3,,"homozygote for pachyonychia congenita Type I mutation"
Rs28937285(A;A),3,,
Rs1799999(T;T),3,,"insulin resistance"
Rs11539445(A;G),3,Bad,"carrier of a mitochondrial respiratory chain (RC) disorder allele"
Rs61750117(C;T),3,Bad,"Von Willebrand disease, type 2A"
Rs28933405(G;T),3,Bad,"Familial Hypertrophic Cardiomyopathy"
Rs61750581(C;C),3,Bad,"Von Willibrand disease, type 2A"
Rs1045642(T;T),3,Bad,"altered drug metabolism and bioavailability; moderately increased risk for certain cancers"
Rs57052654(G;T),3,,"heterozygote for pachyonychia congenita Type I mutation"
Rs61754002(A;C),3,Bad,"carrier of a Von Willebrand disease allele"
Rs5848(G;G),3,Good,"lower dementia risk"
Rs28938173(A;A),3,Bad,"Familial Hypertrophic Cardiomyopathy"
Rs61749380(T;T),3,Bad,"Von Willebrand disease, type 2M"
Rs58293603(G;T),3,,"heterozygote for pachyonychia congenita Type I mutation"
Rs61754011(A;A),3,Bad,"Von Willebrand disease, type 2A"
Rs28937899(G;G),3,,
Rs1135824(A;G),3,,"One copy of CYP2D6*3B non-functioning variant."
Rs2011077(G;G),3,Bad,"6.2x increased risk of developing prostate cancer, a 3x increased risk of developing BPH, and a 5.5x increased risk of developing metastatic prostate cancer"
Rs28933677(T;T),3,,
Rs61750584(C;T),3,Bad,"Von Willebrand disease, type 2A"
Rs61749372(C;C),3,Bad,"Von Willebrand disease, type 2A"
Rs3218714(C;T),3,Bad,"Familial Hypertrophic Cardiomyopathy"
Rs62514953(C;T),3,Bad,"carrier of Phenylketonuria allele"
Rs61750101(G;T),3,Bad,"Von Willebrand disease, type 2A"
Rs28937907(C;T),3,Bad,"carrier of a possible polycystic kidney disease allele"
Rs3803662(T;T),3,Bad,"1.6x increased risk for breast cancer"
Rs61749397(A;G),3,Bad,"Von Willebrand disease, type 2B"
Rs5030861(A;G),3,Bad,"carrier of Phenylketonuria allele"
Rs63750871(C;T),3,Bad,"predisposition for mismatch repair cancer syndrome?"
Rs28937318(A;G),3,Bad,"Brugada syndrome 1"
Rs28939716(G;G),3,,
Rs61749387(C;T),3,Bad,"Von Willebrand disease, type 2B"
Rs5030853(G;T),3,Bad,"carrier of Phenylketonuria allele"
Rs28933672(T;T),3,,
Rs2145418(G;G),3,Bad,"9.2x increased thyroid cancer risk"
Rs57052654(G;G),3,,"homozygote for pachyonychia congenita Type I mutation"
Rs28933669(C;C),3,,
Rs28937289(A;A),3,,
Rs3218713(A;A),3,Bad,"Familial Hypertrophic Cardiomyopathy"
Rs28938173(A;C),3,Bad,"Familial Hypertrophic Cardiomyopathy"
Rs58293603(G;G),3,,"homozygote for pachyonychia congenita Type I mutation"
Rs28941774(C;T),3,Bad,"Porphyria carrier"
Rs28928895(A;T),3,,"heterozygote for pachyonychia congenita Type I mutation"
Rs28937282(T;T),3,,
Rs36212066(I;D),3,Bad,"Hypertrophic Cardiomyopathy carrier"
Rs1050828(A;G),3,Bad,"G6PD deficiency carrier"
Rs61749403(A;G),3,Bad,"Von Willebrand disease, type 2B"
Rs1800497(C;T),2.9,Bad,"A1/A2: Bad at avoidance of errors. 0.5x lower OCD risk, 0.87x lower Tardive Diskinesia risk, higher ADHD risk. More Alcohol Dependence. Lower risk of Postoperative Nausea. Increased obesity. Bupropion is not effective."
Rs6046(T;T),2.8,Good,"better blood pressure, lower risk of myocardial infarction"
Rs17602729(A;G),2.8,Bad,"AMPD1 deficiency heterozygous (orientation reversed)"
Rs17602729(C;T),2.8,Bad,"AMPD1 deficiency heterozygous"
Rs28940577(G;G),2.6,,"FAMILIAL MEDITERRANEAN FEVER"
Rs28933672(G;T),2.5,,
Rs28933669(C;T),2.5,,
Rs28937289(A;G),2.5,,
Rs72552791(G;G),2.5,Bad,"CYP3A5*11 homozygote; nonexpressor for CYP3A5"
Rs28931590(T;T),2.5,Bad,"ACUTE MYELOID LEUKEMIA"
Rs28937282(C;T),2.5,,
Rs1801131(C;C),2.5,Bad,"Number of risks. Complex."
Rs61751362(T;T),2.5,Bad,"increased risk of Rett syndrome and Autism"
Rs17580(A;T),2.5,Bad,"carrier of a variant in Alpha-1 Antitrypsin Deficiency"
Rs28933668(C;T),2.5,,
Rs8176058(T;T),2.5,,"KELL K/k BLOOD GROUP"
Rs2241880(C;C),2.5,Bad,"2x-3x increased risk for Crohn's disease in Caucasians"
Rs28933676(A;C),2.5,,
Rs8192466(C;T),2.5,,"uncertain, probably harmless"
Rs28933681(A;G),2.5,,
Rs283413(T;T),2.5,Bad,"3x higher risk for PD"
Rs1801133(C;T),2.5,Bad,"1 copy of C677T allele of MTHFR = 60% efficiency in processing folic acid = could have somewhat elevated homocysteine and low B12 and folate levels"
Rs5361(C;C),2.5,Bad,"4x increased risk for recurrent venous thromboembolism."
Rs9332964(A;G),2.5,Bad,"carrier for mutations linked to micropenis"
Rs28933671(A;G),2.5,,
Rs1800462(C;G),2.5,Bad,"detoxifying ability may be diminished"
Rs28937287(G;T),2.5,,
Rs28383479(A;A),2.5,Bad,"CYP3A5*9 homozygote; nonexpressor for CYP3A5"
Rs28937272(A;G),2.5,,
Rs664143(C;T),2.5,Bad,"Higher risk for number of cancers"
Rs41303343(T;T),2.5,Bad,"CYP3A5*7 homozygote; nonexpressor for CYP3A5"
Rs28933673(A;G),2.5,,
Rs1051730(T;T),2.5,Bad,"1.8x increased risk of lung cancer; reduced response to alcohol, therefore possibly increased risk of alcohol abuse"
Rs25531(A;A),2.5,,"short form of 5-HTTLPR. lower levels of serotonin, slightly less happy, benefits from more support"
Rs795484(A;A),2.5,Bad,"Even more increased morphine dose requirement and postoperative pain in tonsillectomy and adenoidectomy"
Rs5888(C;T),2.5,Bad,"3x higher risk for age-related macular degeneration"
Rs28933679(A;G),2.5,,
Rs28933675(C;T),2.5,,
Rs776746(G;G),2.5,Bad,"CYP3A5*3 homozygote;  CYP3A5 non-expressor"
Rs664143(T;T),2.5,Bad,"Higher risk for number of cancers"
Rs28933682(A;G),2.5,,
Rs1265181(G;G),2.5,Bad,"possibly increased risk of psoriasis"
Rs5742905(C;T),2.5,Bad,"carrier for Mild clinical homocystinuria which is responsive to vitamin B"
Rs28933670(G;T),2.5,,
Rs28933674(A;G),2.5,,
Rs17580(T;T),2.5,Bad,"a slightly reduced functionality form of Alpha-1 Antitrypsin Deficiency"
Rs28383468(T;T),2.5,Bad,"CYP3A5*H30Y homozygote; nonexpressor for CYP3A5"
Rs28365083(A;A),2.5,Bad,"CYP3A5*2 homozygote; nonexpressor for CYP3A5"
Rs28937285(A;G),2.5,,
Rs1121980(C;T),2.5,Bad,"1.67x risk for obesity"
Rs5082(C;C),2.5,Bad,"saturated fat contributes to obesity"
Rs2254958(C;C),2.5,Bad,"1.61x increased risk for Alzheimer's"
Rs4988235(C;C),2.5,Bad,"likely to be lactose intolerant as an adult"
Rs3764261(T;T),2.5,Good,"associated with higher HDL cholesterol. HDL = good"
Rs28933677(C;T),2.5,,
Rs1265159(T;T),2.5,,"psoriasis risk for Chinese?"
Rs28940578(A;G),2.5,Bad,"carrier of familial Mediterranean fever"
Rs28997576(C;C),2.5,Bad,"probably increased risk of breast cancer"
Rs6265(A;G),2.4,Bad,"impaired motor skills learning?"
Rs1711437(G;G),2.4,Bad,"slightly reduced creatinine clearance"
Rs1243168(T;T),2.3,,
Rs662(A;A),2.3,Bad,"higher risk of of coronary heart disease"
Rs2143340(C;C),2.3,Bad,"> 2x risk of dyslexia and poor reading performance"
Rs6025(A;G),2.3,Bad,"Prone to thrombosis"
Rs662(G;G),2.3,Good,"protective against coronary heart disease in some studies"
Rs3775291(A;A),2.2,Good,"0.44x decreased risk for dry age related macular degeneration"
Rs5352(A;G),2.2,Bad,"probably Hirschsprung disease carrier"
Rs708272(T;T),2.2,Good,"B2B2 genotype; some reduction in heart disease risk from moderate alcohol consumption"
Rs2272783(C;T),2.2,Bad,"Low expression variant of FECH enzyme"
Rs2074356(T;T),2.2,,"2.2x increased risk for esophageal squamous cell cancer in Han Chinese"
Rs2231137(G;G),2.2,Bad,"~1.5-3x increased risk for ischemic stroke"
Rs2511989(A;A),2.2,Good,"0.44x decreased age-related macular degeneration risk"
Rs283413(G;T),2.2,Bad,"3x higher risk for PD"
Rs1024611(C;C),2.2,Bad,"increased risk of exercise induced ischemia, Increased CCL2 levels; increased rate of HIV progression"
Rs1050829(A;G),2.2,Bad,"G6PD Type A/B"
Rs17563(C;C),2.1,Bad,"Risk for otosclerosis"
Rs708272(C;C),2.1,,"No benefit to alcohol consumption"
Rs3746444(T;T),2.1,Good,"decreased cancer risk"
Rs560887(G;G),2.1,Bad,"Avg. fasting Plasma Glucose 5.18 mmol/L (93 mg/dl)."
Rs1050829(G;G),2.1,Bad,"G6PD Type A"
Rs2254958(C;T),2.1,Bad,"1.24x increased risk for Alzheimer's"
Rs1667394(A;A),2.1,,"blond hair & blue eyes is 4x more likely"
Rs17571(T;T),2.1,,"rare and doesn't seem helpful"
Rs2301436(A;A),2.1,Bad,
Rs5030655(-;T),2.1,,"possible CYP2D6 poor metabolizer phenotype"
Rs2231137(A;G),2.1,Bad,"~1.5-3x increased risk for ischemic stroke"
Rs3775291(A;G),2.1,Good,"0.71x decreased risk for dry age related macular degeneration"
Rs25531(G;G),2.1,,"long form of 5-HTTLPR. less sensitive to pain"
Rs795484(A;G),2.1,Bad,"Increased morphine dose requirement and postoperative pain in tonsillectomy and adenoidectomy"
Rs2229616(A;A),2.1,Good,"lower risk of metabolic syndrome"
Rs279858(G;G),2.1,Bad,"apparently more prone to alcoholism"
Rs1801131(A;C),2.1,Bad,"Possible risks. Complex."
Rs738409(G;G),2.1,Good,"most common genotype; slightly less damage from alcohol"
Rs2187668(A;G),2.1,Bad,"Somewhat increased autoimmune disorder (lupus, celiac disease) risk; 1 HLA-DRB1*0301 allele"
Rs189798(T;T),2.1,Good,"decreased high myopia risk"
Rs17602729(A;C),2.1,,"unexpected genotype"
Rs855913(T;T),2.1,Bad,"reduced survival with ALS"
Rs708272(C;T),2.1,,"No reduction in heart disease risk from drinking alcohol"
Rs3746444(C;C),2.1,Bad,"~1.2x increased risk for cancer"
Rs380390(C;C),2.1,Bad,"increased risk for ARMD"
Rs8187974(T;T),2.1,Bad,"Greater alcohol consumption"
Rs6151429(A;G),2.1,Bad,"carrier of one pseudoarylsulfatase A deficiency allele"
Rs646776(A;A),2.1,Bad,"1.2x risk of coronary artery disease"
Rs2511989(A;G),2.1,Good,"0.63x decreased age-related macular degeneration risk"
Rs28940577(A;G),2.1,,"FAMILIAL MEDITERRANEAN FEVER carrier"
Rs1585215(G;G),2.1,Bad,"3.5x increased risk for Hodgkin lymphoma"
Rs1233478(A;A),2.1,,
Rs3743930(C;C),2.1,,"some reports of familial Mediterranean fever"
Rs17602729(C;G),2.1,,"unexpected genotype"
Rs2231142(A;C),2.1,Bad,"1.74x increased gout risk; gefinitib takers 4x more susceptible to diarrhea"
Rs807701(C;C),2.1,Bad,"2-5x increased dyslexia risk"
Rs6232(G;G),2.1,Bad,"obesity and insulin"
Rs6313(T;T),2.1,Bad,"depression, panic, stress response"
Rs1050631(T;T),2.1,Bad,"Mean Survival Time of 17 months for esophageal squamous-cell carcinoma"
Rs241448(C;C),2.1,Bad,"2.14x increased risk for Alzheimer's"
Rs1329428(G;G),2.1,Bad,"2x increased risk for macular degeneration"
Rs1799732(-;C),2,Bad,"1.3x increased adenoma recurrence risk"
Rs3827760(C;C),2,,"straighter, thicker hair, and increased odds of having shovel-shaped incisors"
Rs1801260(C;T),2,,"Normal (higher) risk of ADHD symptoms."
Rs1050565(G;G),2,Bad,"if testicular cancer patient, 5x poorer response to bleomycin chemotherapy"
Rs1042838(G;T),2,Bad,"1.28x risk for endometrial ovarian cancer; overlaps with rs608995"
Rs1566439(C;T),2,,"associated with higher HDL cholesterol"
Rs28365083(A;C),2,,"carrier of one CYP3A5*2 allele"
Rs28935474(C;T),2,,
Rs1801272(A;A),2,,"Reduced CYP2A6 metabolism; impaired nicotine metabolism?"
Rs16942(G;G),2,Bad,"increased risk for breast cancer"
Rs2235015(G;G),2,Bad,"somewhat less likely to respond to certain antidepressants"
Rs187238(G;G),2,Bad,"hypertension increases risk 3.75x for sudden cardiac death"
Rs28935482(C;C),2,,
Rs3793784(G;G),2,Bad,"1.6x risk for ARMD"
Rs2740574(G;G),2,,"2.5x increased risk for prostate or ovarian cancer; CYP3A4*1B homozygote"
Rs766173(G;G),2,,
Rs2032583(T;T),2,Bad,"7x less likely to respond to certain antidepressants."
Rs4994(C;C),2,Bad,"2x higher risk in certain women for cardiac events"
Rs3825776(G;G),2,Bad,">1.3x increased risk for ALS"
Rs10250779(T;T),2,Bad,"possible exercise-inducing cramping in African-Americans"
Rs36053993(A;A),2,,"increased risk for certain cancers?"
Rs1434536(A;A),2,Bad,"1.94x increased breast cancer risk"
Rs45553935(C;T),2,Bad,"increased risk for breast cancer"
Rs657152(T;T),2,Bad,"Multiple risks, see details"
Rs1975197(T;T),2,Bad,">1.3x increased risk of developing restless legs syndrome"
Rs25487(G;G),2,Bad,"2x higher risk for skin cancer; possibly other cancers"
Rs2073711(C;T),2,Good,"Back Pain: lower risk of Lumbar Disc Disease."
Rs4149268(A;G),2,Good,"associated with higher HDL cholesterol"
Rs699(C;T),2,Bad,"increased risk of hypertension"
Rs1361600(G;G),2,Bad,"~2x increased risk for adult-onset asthma in Japanese populations"
Rs5030656(-;-),2,,"CYP2D6*9 homozygote"
Rs909525(G;G),2,Bad,"Perhaps MAOA 3 repeats: Warrior Gene?"
Rs2223841(G;G),2,Good,"less likely to go bald"
Rs486907(A;A),2,Bad,"2x increased prostate cancer risk"
Rs2707466(G;G),2,Bad,"weaker bones"
Rs1018381(T;T),2,Bad,"impaired cognitive ability"
Rs2201841(C;T),2,Bad,"1.5x increased risk for Crohn's disease; 2x increased risk for Graves' disease"
Rs2987983(C;T),2,Bad,"1.2x increased risk of prostate cancer"
Rs6232(A;G),2,Bad,"obesity and insulin"
Rs3764261(G;T),2,Good,"associated with higher HDL cholesterol"
Rs1065852(C;T),2,Bad,"Carrier of one CYP2D6 decreased or non-functioning variant."
Rs11170164(A;A),2,Bad,"1.35x risk of basal cell carcinoma"
Rs1265181(C;G),2,Bad,"increased risk for psoriasis"
Rs1375144(C;C),2,Bad,"1.59x increased risk of developing bipolar disorder"
Rs1128535(G;G),2,Good,"reduced risk (0.77x) for Crohn's disease"
Rs1691053(G;G),2,Bad,"Increased risk of developing prostate cancer"
Rs2188380(A;A),2,Bad,"slightly higher risk for gout"
Rs241448(C;T),2,Bad,"1.51x increased risk for Alzheimer's"
Rs738409(C;G),2,Bad,"increased liver fat, odds of alcoholic liver disease"
Rs1800972(G;G),2,Good,"reduced risk for Crohn's disease; reduced risk for maternal HIV transmission"
Rs493258(G;G),2,Bad,"1.15x risk of Age Related Macular Degeneration"
Rs2710102(T;T),2,,"Delayed childhood speech."
Rs1566439(C;C),2,,"associated with higher HDL cholesterol"
Rs28940270(A;G),2,Bad,"carrier for Lamellar ichthyosis, type 2"
Rs855913(G;T),2,Bad,"reduced survival with ALS"
Rs199533(T;T),2,Bad,"Increased risk of developing Parkinson's Disease"
Rs28399433(G;G),2,,"Reduced CYP2A6 metabolism; impaired nicotine metabolism?"
Rs710521(A;A),2,Bad,"1.4x increased risk of developing bladder cancer."
Rs28931573(C;T),2,,"positive for the APOA1 Milano variant"
Rs3793784(C;G),2,Bad,"1.5x risk for ARMD"
Rs499697(T;T),2,,"straighter hair"
Rs1042522(G;G),2,Bad,"Common variant. Slightly shorter lifespan."
Rs2464196(T;T),2,Bad,"~2x increased lung cancer risk"
Rs4986852(A;A),2,,"predisposition to breast cancer?"
Rs33977706(T;T),2,Good,"Lower body mass index"
Rs1544410(A;A),2,Bad,"Increased risk of low bone mineral density disorders"
Rs3197999(T;T),2,Bad,"1.2x risk of Crohn's"
Rs1229984(A;A),2,Good,"0.56x decreased risk of oral/throat cancers"
Rs1800896(A;A),2,Bad,"1.8x increased prostate cancer risk"
Rs1051730(C;C),2,Good,"Smokes normal (lower) number of cigarettes if a smoker."
Rs45553935(C;C),2,Bad,"increased risk for breast cancer"
Rs2230199(C;G),2,Bad,"1.6x+ risk of ARMD"
Rs2070600(A;A),2,Bad,"1.5x increased risk for gastric cancer"
Rs72552791(A;G),2,,"carrier of one CYP3A5*11 allele"
Rs909525(A;G),2,Bad,"Probably one Warrior Gene and one non-Warrior Gene."
Rs4673(T;T),2,Bad,"3.9x increased risk for cerebral ischemia"
Rs2235067(G;G),2,Bad,"7x less likely to respond to certain antidepressants"
Rs28935203(T;T),2,,
Rs841(T;T),2,Bad,"decreased baroreflex sensitivity, heart rate variability, and in women, hypertension"
Rs2908004(C;C),2,Bad,"weaker bones"
Rs1667394(G;G),2,,"darker skin, eye and hair color is more likely"
Rs2619522(G;G),2,Bad,"associated with lower attention capacity but also a decrease in positive and paranoid schizotypy scores"
Rs2201841(T;T),2,Bad,"2.4x increased risk for Graves' disease"
Rs61751362(C;T),2,Bad,"increased risk of Rett syndrome and Autism"
Rs1024611(C;T),2,Bad,"increased risk of exercise induced ischemia"
Rs28399444(-;-),2,Bad,"Reduced CYP2A6 metabolism; impaired nicotine metabolism?"
Rs1799884(A;G),2,Bad,"1.3x increased risk for Type 2 Diabetes. Mothers have babies 27g heavier."
Rs1711437(A;A),2,Good,"younger, healthier kidney function"
Rs1050631(C;T),2,Bad,"Mean Survival Time of 25 months for esophageal squamous-cell carcinoma"
Rs4148739(A;A),2,Bad,"7x less likely to respond to certain antidepressants"
Rs28997576(C;G),2,Bad,"increased risk for breast cancer, at least in predisposed families"
Rs800292(T;T),2,Good,"5% decreased risk of macular degeneration"
Rs1805388(A;A),2,Good,"reduced risk of multiple myeloma"
Rs34612342(A;G),2,,"increased risk for certain cancers?"
Rs1169305(C;T),2,Bad,"associated with MODY3; maturity onset of diabetes in the young (type 3)"
Rs1800709(T;T),2,,"predisposition to breast cancer?"
Rs751229(G;G),2,,
Rs1135840(C;C),2,,"Homozygous for CYP2D6 variants (non-CYP2D6*1)"
Rs669(G;G),2,Bad,"3.8x or higher increased risk for Alzheimers"
Rs5848(A;G),2,Bad,"increased dementia risk"
Rs16942(A;G),2,Bad,"slightly increased risk for breast cancer"
Rs3077(C;C),2,Bad,"1.8 times higher odds of having chronic hepatitis B"
Rs3775948(G;G),2,Bad,"slightly higher risk for gout"
Rs887829(A;A),2,Good,"Higher levels of serum bilirubin, associated with lower risk for coronary artery disease"
Rs28937899(C;G),2,,
Rs1544410(G;G),2,Good,"Decreased risk of low bone mineral density disorders"
Rs1229984(A;G),2,Good,"0.56x decreased risk of oral/throat cancers"
Rs1800896(A;G),2,Bad,"1.6x increased prostate cancer risk"
Rs3212227(A;C),2,Bad,"Significantly increased risk of developing cervical cancer"
Rs2697962(A;A),2,Bad,"Increased risk of developing Parkinson's Disease"
Rs449647(A;A),2,Bad,"lower levels of ApoE"
Rs2070600(A;G),2,Bad,"1.5x increased risk for gastric cancer"
Rs2227945(G;G),2,,
Rs925391(C;T),2,Good,"lower odds of going bald"
Rs28937876(T;T),2,,
Rs41293455(T;T),2,,"predisposition to breast cancer?"
Rs2908004(T;T),2,Good,"stronger bones"
Rs2229616(A;G),2,Good,"lower risk of metabolic syndrome"
Rs3790844(C;C),2,Good,"reduced risk (0.59x) of pancreatic cancer"
Rs1585215(A;G),2,Bad,"2x increased risk for Hodgkin lymphoma"
Rs2235015(T;T),2,Good,"somewhat more likely to respond to certain antidepressants"
Rs4986850(A;A),2,,
Rs560887(A;A),2,Good,"Avg. fasting Plasma Glucose 5.06 mmol/L (91 mg/dl)."
Rs28939716(C;G),2,,
Rs1532268(A;A),2,Bad,"increased risk"
Rs1711437(A;G),2,Good,"younger, healthier kidney function"
Rs3135391(C;T),2,Bad,"HLA-DRB1*1501 carrier; higher multiple sclerosis risk"
Rs10993994(T;T),2,Bad,"increased prostate cancer risk (odds ratio 1.6)"
Rs493258(A;G),2,Bad,"1.15x risk of Age Related Macular Degeneration"
Rs34612342(G;G),2,,"increased risk for certain cancers?"
Rs25487(A;A),2,Good,"0.7x lower risk for skin cancer"
Rs2073711(T;T),2,Good,"Back Pain: lower risk of Lumbar Disc Disease."
Rs189798(C;T),2,Good,"decreased high myopia risk"
Rs1044396(C;C),2,Bad,"Increased risk of Nicotine dependence among males"
Rs28383479(A;G),2,,"carrier of one CYP3A5*9 allele"
Rs28940271(A;G),2,Bad,"carrier for Lamellar ichthyosis, type 2"
Rs572515(T;T),2,,
Rs1799950(G;G),2,Bad,"increased breast cancer risk"
Rs1799966(G;G),2,Bad,"increased risk for breast cancer"
Rs2736990(C;C),2,Bad,"Increased risk of developing Parkinson's Disease"
Rs1537415(G;G),2,Bad,"2x increased risk for periodontitis"
Rs744373(C;T),2,Bad,"1.17x risk of Alzheimer's"
Rs2235040(G;G),2,Bad,"7x less likely to respond to certain antidepressants"
Rs2736100(T;T),2,Bad,"higher risk of Interstitial lung disease, and testicular cancer"
Rs1064039(A;A),2,Bad,"Higher risk for age-related macular degeneration; slightly higher Alzheimers risk in Caucasians but not Asians"
Rs41303343(-;T),2,,"carrier of one CYP3A5*7 allele"
Rs1042522(C;G),2,Good,"Slightly increased lifespan?"
Rs5174(A;A),2,Bad,"1.3x increased risk for heart disease"
Rs11466023(T;T),2,Bad,"mild familial Mediterranean fever"
Rs2201841(A;A),2,,
Rs1015362(A;G),2,Bad,"2-4x higher risk of sun sensitivity if part of risk haplotype."
Rs3738579(C;C),2,Bad,"0.6x decreased risk for cervical cancer, but 1.4x increased risk for HNSCC and 1.8x increased risk for breast cancer"
Rs1051730(C;T),2,Bad,"1.3x increased risk of lung cancer"
Rs3212227(C;C),2,Bad,"Significantly increased risk of developing cervical cancer"
Rs3027172(C;C),2,Bad,"Associated with alcohol dependence and increased drinking in response to psychosocial stress."
Rs2547231(T;T),2,,"Increased blood metabolite levels"
Rs2188380(G;G),2,Good,"lower risk for gout"
Rs1799732(-;-),2,Bad,"less favorable clinical outcome when on antipsychotics"
Rs1801260(C;C),2,Good,"Lower ADHD symptom scores."
Rs28371733(C;G),2,,"Carrier of one CYP2D6*4H non-functioning variant."
Rs2143340(C;T),2,Bad,"increased risk of dyslexia and poor reading performance"
Rs28940568(A;G),2,Bad,Rs28940568
Rs144848(G;G),2,Bad,"1.3x increased risk for breast cancer"
Rs351855(C;T),2,Bad,"1.2x increased risk for prostate cancer"
Rs16906252(A;A),2,,
Rs2235015(G;T),2,Good,"somewhat more likely to respond to certain antidepressants"
Rs710521(G;G),2,Good,"Lower (0.83x) risk of developing bladder cancer."
Rs3746444(C;T),2,Bad,"~1.2x increased risk for cancer"
Rs28933680(G;G),2,,
Rs1800012(T;T),2,Good,"possibly reduced risk of anterior cruciate ligament ruptures"
Rs3775291(G;G),2,Bad,"common but higher risk of age related macular degeneration"
Rs560887(A;G),2,Bad,"Avg. fasting Plasma Glucose 5.12 mmol/L (92 mg/dl)."
Rs460000(C;C),2,,"Better response to amphetamine"
Rs36053993(A;G),2,,"increased risk for certain cancers?"
Rs776746(A;G),2,,"carrier of 1 nonfunctional CYP3A5 allele; drug metabolism affects"
Rs2230199(G;G),2,Bad,"2.5x+ risk of ARMD"
Rs5742904(A;G),2,Bad,"Hypercholesterolemia, Type B; heterozygote"
Rs25487(A;G),2,Bad,"2x higher risk for skin cancer; possibly other cancers"
Rs1800566(C;T),2,Bad,"Higher cancer risk"
Rs6277(T;T),2,Good,"normal schizophrenia risk, learns NoGo faster"
Rs2073711(C;C),2,Bad,"Back Pain: normal (higher) risk of Lumbar Disc Disease."
Rs383830(A;A),2,Bad,"1.9x risk"
Rs189798(C;C),2,,"normal high myopia risk"
Rs1045642(C;T),2,Bad,"Slower metaboliser for some drugs"
Rs4149268(G;G),2,Good,"associated with higher HDL cholesterol"
Rs699(C;C),2,Bad,"increased risk of hypertension"
Rs3117582(C;C),2,Bad,"increased lung cancer risk"
Rs3093059(C;C),2,Bad,"associated with elevated C-reactive protein levels and hypertension"
Rs5030656(-;AAG),2,,"carrier of one CYP2D6*9 allele"
Rs744373(C;C),2,Bad,"1.17x risk of Alzheimer's"
Rs2230201(G;G),2,Bad,">1.4x risk of lupus"
Rs2707466(A;A),2,Good,"stronger bones"
Rs5174(A;G),2,Bad,"1.3x increased risk for heart disease"
Rs2201841(C;C),2,Bad,"1.5x increased risk for Crohn's disease"
Rs2987983(C;C),2,Bad,"1.2x increased risk of prostate cancer"
Rs6063(A;A),2,,
Rs1015362(G;G),2,Bad,"2-4x higher risk of sun sensitivity if part of risk haplotype."
Rs3738579(C;T),2,Good,"0.5x decreased risk for cervical cancer, HNSCC, and breast cancer"
Rs2547231(G;G),2,,"Decreased levels of some blood metabolites"
Rs1691053(A;G),2,Bad,"Increased risk of developing prostate cancer"
Rs1799884(G;G),2,Good,"Mothers have typical Birth-Weight babies. Slightly lower risk of Type 2 Diabetes."
Rs5031017(T;T),2,,"Two copies of CYP2A6*5 non-functioning variant; impaired nicotine metabolism"
Rs3804505(T;T),2,,"rare, related to myoclonic epilepsy"
Rs800292(C;C),2,Bad,"5% higher risk of Age related macular degeneration"
Rs28383468(C;T),2,,"carrier of one CYP3A5*H30Y allele"
Rs5888(T;T),2,,"lower HDL cholesterol but higher risk for age-related macular degeneration"
Rs1015362(A;A),1.9,Good,"Probably tans instead of freckles and sunburns."
Rs2032583(C;C),1.9,Good,"7x more likely to respond to certain antidepressants."
Rs2032583(C;T),1.9,Good,"7x more likely to respond to certain antidepressants."
Rs420259(C;C),1.9,Good,"Half the risk of developing Bipolar Disorder."
Rs1801260(T;T),1.8,Bad,"Normal (higher) risk of ADHD symptoms."
Rs143383(T;T),1.8,Bad,"1.3x increased risk for osteoarthritis"
Rs28933375(A;G),1.8,Bad,"Missense mutation in PRF1 gene, probably recessive"
Rs5400(T;T),1.8,,"significantly higher sugar consumption"
Rs2188380(A;G),1.8,Bad,"slightly higher risk for gout"
Rs1052576(A;A),1.7,Good,"0.5x reduced risk of multiple myeloma, general reduced risk of cancer"
Rs5400(C;T),1.7,,"significantly higher sugar consumption?"
Rs1047286(T;T),1.7,Bad,"1.7x increased risk for age-related macular degeneration"
Rs11466023(C;T),1.7,Bad,"carrier of a variant related to a mild form of familial Mediterranean fever"
Rs1537415(C;G),1.6,Bad,"1.6x increased risk for periodontitis"
Rs2736100(G;G),1.6,Bad,"1.6x higher risk for glioma development"
Rs2046210(T;T),1.6,Bad,"1.6x increased breast cancer risk in certain women"
Rs3775948(C;G),1.6,Bad,"slightly higher risk for gout"
Rs3775948(C;C),1.6,Good,"slightly lower risk for gout"
Rs28371733(A;A),1.5,,"Homozygous for CYP2D6*52 variant."
Rs1799750(G;G),1.5,Bad,"in breast cancer patients, slightly higher risk for poorer prognosis"
Rs199533(C;T),1.5,Bad,"Slightly increased risk of developing Parkinson's Disease"
Rs710521(A;G),1.5,,"Normal risk of developing bladder cancer."
Rs2464196(C;T),1.5,Bad,"~1.5x increased lung cancer risk"
Rs2236225(T;T),1.5,Bad,"Slightly (~1.5x) higher risk for Caucasian mothers to give birth to NTD children"
Rs4331145(A;A),1.5,,"increased risk of schizophrenia in limited study"
Rs10993994(C;T),1.5,Bad,"increased prostate cancer risk (odds ratio 1.2)"
Rs419788(A;A),1.5,Bad,"2.3x risk for lupus"
Rs807701(C;T),1.5,Bad,"Slightly increased dyslexia risk"
Rs1801020(T;T),1.5,Bad,"1.31x increased risk of heart disease"
Rs492602(C;C),1.5,,"Higher B12 levels in women"
Rs140701(A;A),1.5,Bad,"Increased risk for anxiety disorders"
Rs309375(T;T),1.5,Bad,"Larger mosquito bites"
Rs5031017(G;T),1.5,,"One copy of CYP2A6*5 non-functioning variant; impaired nicotine metabolism"
Rs1050631(C;C),1.5,Good,"Mean Survival Time of 32 months for esophageal squamous-cell carcinoma"
Rs2007153(G;G),1.5,Bad,"increased risk of schizophrenia in limited study"
Rs5030867(A;C),1.5,,"carrier of one CYP2D6*7 allele"
Rs144848(G;T),1.5,Bad,"possible increased risk for breast cancer"
Rs10895068(A;A),1.5,Bad,"2.5x increased odds of breast cancer among hormone-using postmenopausal women"
Rs2074356(C;T),1.5,,"1.5x increased risk for esophageal squamous cell cancer in Han Chinese"
Rs3212227(A;A),1.5,Bad,"1.43x increased risk of developing psoriasis and psoriatic arthritis"
Rs4331145(A;G),1.5,,"decreased risk of schizophrenia in limited study"
Rs3743930(C;G),1.5,,"weakly linked to familial mediterranean fever"
Rs2697962(A;G),1.5,Bad,"Slightly increased risk of developing Parkinson's Disease"
Rs2282679(C;C),1.5,Bad,"lower vitamin D levels"
Rs3754777(A;A),1.5,Bad,"slightly higher blood pressure if Caucasian"
Rs3851179(A;A),1.5,Good,"0.85x decreased risk for Alzheimer's disease"
Rs3735972(G;G),1.5,,
Rs486907(A;G),1.5,Bad,"1.5x increased prostate cancer risk"
Rs3790844(C;T),1.5,Good,"slightly reduced risk (0.77x) for pancreatic cancer"
Rs140701(A;G),1.5,Bad,"Increased risk for anxiety disorders"
Rs1052576(A;G),1.5,Good,"0.8x reduced risk of multiple myeloma, general reduced risk of cancer"
Rs28936383(C;G),1.5,Bad,"carrier for Limb-girdle muscular dystrophy-dystroglycanopathy"
Rs464049(C;C),1.5,Good,"decreased risk of schizophrenia in limited study"
Rs10895068(A;G),1.5,Bad,"2.5x increased odds of breast cancer among hormone-using postmenopausal women"
Rs1165205(A;A),1.5,Good,"0.85x decreased gout risk"
Rs2736990(C;T),1.5,Bad,"Slightly increased risk of developing Parkinson's Disease"
Rs28694718(A;A),1.5,Bad,">2x higher risk for schizophrenia"
Rs2241880(C;T),1.5,Bad,"1.4x increased risk for Crohn's disease in Caucasians"
Rs619203(C;G),1.5,Bad,"increases susceptibility to Myocardial Infarction 1.15 times"
Rs2280714(A;A),1.5,Bad,"1.4x increased risk of SLE"
Rs420259(T;T),1.5,Bad,"Normal risk of Bipolar Disorder."
Rs7041(T;T),1.5,,"ex-smokers at 2x higher risk for COPD; supplement with Vitamin D?"
Rs501120(A;A),1.5,Bad,"common, but >1.3x increased risk for heart disease"
Rs3851179(A;G),1.5,Good,"0.85x decreased risk for Alzheimer's disease"
Rs1800454(A;A),1.5,,affected
Rs1801274(C;T),1.5,Bad,"complex; generally greater risk for cancer progression"
Rs1571801(A;A),1.5,Bad,">1.36x risk for prostate cancer"
Rs4149274(C;C),1.5,Good,"Associated with higher HDL (good) cholesterol."
Rs1360517(A;G),1.5,Bad,"Higher susceptibility for AIDS"
Rs1063192(C;C),1.5,Good,"0.71x reduced risk of myocardial infarction"
Rs1375144(C;T),1.5,Bad,"1.32x increased risk of developing bipolar disorder"
Rs464049(C;T),1.5,Bad,"increased risk of schizophrenia in limited study"
Rs1135840(C;G),1.5,,"Carrier of at least one CYP2D6 variants (non-CYP2D6*1)"
Rs966221(C;C),1.5,Bad,"1.5x increased stroke risk certain populations"
Rs28694718(A;G),1.5,Bad,"2x higher risk for schizophrenia"
Rs2280714(A;G),1.5,Bad,"1.4x increased risk of SLE"
Rs420259(C;T),1.5,Good,"Possibly reduced risk of Bipolar Disorder."
Rs975278(A;A),1.5,Bad,"1.5x higher risk for emphysema, higher in smokers"
Rs1892534(G;G),1.5,Good,"Slightly higher C-Reactive Protein levels. Possibly slightly lower cancer risk."
Rs2007153(A;A),1.5,Good,"decreased risk of schizophrenia in limited study"
Rs1801274(T;T),1.5,Bad,"complex; generally greater risk for cancer progression"
Rs449647(T;T),1.5,Good,"Normal levels of ApoE"
Rs5888(C;C),1.5,Good,"higher HDL cholesterol but lower risk for age-related macular degeneration"
Rs4149274(C;T),1.5,Good,"associated with higher HDL (good) cholesterol"
Rs610932(A;A),1.5,Good,"A allele associated with reduced risk of Alzheimer's in Chinese Han population."
Rs1063192(C;T),1.5,Good,"0.71x reduced risk of myocardial infarction"
Rs2236225(C;T),1.5,Bad,"Slightly (~1.5x) higher risk for Caucasian mothers to give birth to NTD children"
Rs3825776(A;G),1.5,Bad,"1.3x increased risk for ALS"
Rs28940580(C;C),1.5,,"can be ignored for now"
Rs464049(T;T),1.5,Bad,"increased risk of schizophrenia in limited study"
Rs1975197(C;T),1.5,Bad,"1.3x increased risk of developing restless legs syndrome"
Rs1799950(A;G),1.5,Bad,"increased breast cancer risk"
Rs1801020(C;T),1.5,Bad,"1.31x increased risk of heart disease"
Rs309375(G;G),1.5,Good,"Smaller mosquito bites"
Rs2007153(A;G),1.5,,"normal risk of schizophrenia in limited study"
Rs1800693(G;G),1.4,Bad,"slight (1.4x) increase in risk for multiple sclerosis"
Rs689466(G;G),1.4,,"1.4x higher risk for inflammatory bowel diseases"
Rs2230201(A;G),1.4,Bad,"1.4x risk of lupus"
Rs2072590(T;T),1.4,,"1.4x increased risk for ovarian cancer"
Rs3131296(G;G),1.4,Bad,"1.4x increased risk for schizophrenia"
Rs1801157(A;A),1.4,Bad,"1.4x higher risk for breast cancer"
Rs1799782(T;T),1.4,,"1.4x increased risk for oral cancer among Asians"
Rs498422(C;C),1.4,Bad,"slightly higher risk for infertility in Chinese men"
Rs2252586(A;A),1.4,Bad,"1.4x higher risk for glioma development"
Rs2046210(C;T),1.4,Bad,"1.4x increased breast cancer risk"
Rs1801157(A;G),1.4,Bad,"1.4x higher risk for breast cancer"
Rs10516487(T;T),1.4,Bad,"slightly higher risk for lupus"
Rs498872(T;T),1.4,Bad,"1.4x higher risk for glioma development"
Rs4320932(G;G),1.4,Good,"0.74x decreased risk for ovarian cancer"
Rs3849942(A;A),1.4,Bad,"1.4x increased risk for ALS"
Rs1047286(C;T),1.3,Bad,"1.3x increased risk for age-related macular degeneration"
Rs1799782(C;T),1.3,,"1.3x increased risk for oral cancer among Asians"
Rs498422(A;C),1.3,Bad,"slightly higher risk for infertility in Chinese men"
Rs2736100(G;T),1.3,Bad,"1.3x higher risk for glioma development"
Rs1434536(A;G),1.3,Bad,"1.29x increased breast cancer risk"
Rs1800454(A;G),1.3,,carrier
Rs1047031(A;A),1.3,Bad,"1.3x increased risk for periodontitis"
Rs501120(A;G),1.3,Bad,"1.3x increased risk for heart disease"
Rs582757(G;C),1.24,Bad,"candidate causal variant of psoriasis"
Rs3849942(A;G),1.2,Bad,"1.2x increased risk for ALS"
Rs610932(A;C),1.2,Good,
Rs2072590(G;T),1.2,Bad,"1.2x increased risk for ovarian cancer"
Rs3818361(T;T),1.2,Bad,"1.2x increased risk for late-onset Alzheimer's"
Rs143383(C;T),1.2,Bad,"1.1x increased risk for osteoarthritis"
Rs2252586(A;G),1.2,Bad,"1.2x higher risk for glioma development"
Rs419788(A;G),1.2,Bad,"2.0x risk for lupus"
Rs1007371(T;T),1.2,,"rare genotype."
Rs2223841(A;A),1.2,Bad,"more likely to go bald before age 40"
Rs10516487(C;T),1.2,Bad,"slightly higher risk for lupus"
Rs2302009(G;G),1.2,Bad,"4.6x risk of eosinophilic esophagitis"
Rs1344706(T;T),1.2,Bad,"1.2x increased risk for schizophrenia"
Rs498872(C;T),1.2,Bad,"1.2x higher risk for glioma development"
Rs2814707(A;A),1.2,Bad,">1.2x increased risk for ALS"
Rs3131296(A;G),1.2,Bad,"1.2x increased risk for schizophrenia"
Rs2651899(G;G),1.2,Bad,"1.2x higher risk for migraines"
Rs1805388(C;T),1.2,Good,"1.5x reduced risk of multiple myeloma"
Rs2814707(A;G),1.2,Bad,"1.2x increased risk for ALS"
Rs3740878(A;A),1.2,Bad,"1.46x type II diabetes risk; common"
Rs1800693(A;G),1.2,Bad,"slight (1.2x) increase in risk for multiple sclerosis"
Rs3760511(G;G),1.2,,
Rs689466(A;G),1.2,,"1.2x higher risk for inflammatory bowel diseases"
Rs249954(T;T),1.2,Bad,"either no, or slightly increased risk, of Breast Cancer"
Rs909525(A;A),1.2,Good,"Probably MAOA 4 or 5 repeats: not Warrior Gene."
Rs4648317(T;T),1.2,Bad,"prone to higher nicotine dependence, more impulsive/sensation seeking"
Rs1064039(A;G),1.2,Bad,"slightly higher risk for Alzheimers in Caucasians but not Asians"
Rs4320932(A;G),1.2,Good,"0.87x decreased risk for ovarian cancer"
Rs1892534(A;A),1.2,Bad,"Lower C-Reactive Protein levels. 1.2x increased risk overall for cancers."
Rs449647(A;T),1.2,Bad,"Possibly lower levels of ApoE"
Rs2278206(C;C),1.16,Bad,"1.16x increased risk for asthma"
Rs4880(T;T),1.1,,"complex! see rs4880"
Rs1799913(C;C),1.1,Bad,"Hispanics may be at increased risk of heroin addiction."
Rs795484(G;G),1.1,Good,"Normal morphine dose requirement and postoperative pain in tonsillectomy and adenoidectomy"
Rs925391(C;C),1.1,Bad,"more likely to go bald; common"
Rs1726866(T;T),1.1,,"possible unable to taste bitter"
Rs713598(C;G),1.1,Good,"Can taste bitter."
Rs610932(C;C),1.1,Bad,
Rs1800450(A;G),1.1,Bad,"mannose binding deficiency but of low clinical importance"
Rs4880(C;T),1.1,,"complex! see rs4880"
Rs309375(G;T),1.1,,"Average mosquito bites"
Rs2651899(A;G),1.1,Bad,"1.1x higher risk for migraines"
Rs3758549(C;C),1.1,Bad,"increased risk of parkinson's disease"
Rs713598(G;G),1.1,Bad,"Possibly unable to taste bitter in some foods."
Rs4988235(T;T),1.1,Good,"can digest milk"
Rs2293347(G;G),1.1,Good,"among NSCLC patients, better Gefitinib response; common"
Rs4880(C;C),1.1,,"complex! see rs4880"
Rs3740878(A;G),1.1,Bad,"1.26x type II diabetes risk"
Rs1344706(G;T),1.1,Bad,"1.1x increased risk for schizophrenia"
Rs249954(C;T),1.1,Bad,"slight if any increased risk of Breast Cancer"
Rs838133(T;T),1.1,,"Higher odds preferring sweet snack"
Rs713598(C;C),1.1,Good,"Can taste bitter."
Rs4988235(C;T),1.1,Good,"likely to be able to digest milk as an adult"
Rs1229984(G;G),1.1,,"normal oral/throat cancer risk; more frequent alcohol consumption"
Rs997669(A;A),1.1,,"1.18x higher risk for breast cancer"
Rs838133(C;C),1.1,,"Lower odds preferring sweet snack"
Rs3818361(C;T),1.1,Bad,"1.15x increased risk for late-onset Alzheimer's"
Rs1892534(A;G),1.05,,"Normal C-Reactive Protein levels. Very slight (x1.05) increase in overall risk for cancers."
Rs28399433(G;T),1,,"Reduced CYP2A6 metabolism; impaired nicotine metabolism?"
Rs1063192(T;T),1,Good,"Normal risk of myocardial infarction"
Rs1800401(C;C),1,,"blue/gray eyes possible"
Rs3749977(T;T),1,,"lowest ability to smell cut grass"
Rs2697962(G;G),1,Good,"Normal risk of developing Parkinson's Disease"
Rs2282679(A;C),1,Bad,"somewhat lower vitamin D levels"
Rs1045642(C;C),1,,"increased risk of cannabis dependence, lower (normal) cancer risk"
Rs838133(C;T),1,,"Typical odds preferring sweet snack"
Rs3807153(C;T),1,,"carrier of a benign change"
Rs3735684(C;T),1,Bad,"associated with increased colorectal cancer risk"
Rs744373(T;T),1,Good,Normal
Rs2235067(A;G),1,Good,"7x more likely to respond to certain antidepressants"
Rs187116(C;C),1,,"among patients with gastric cancer, risk for more aggressive form?"
Rs2854747(T;T),1,,"2743.02ng/mL of IGFBP-3 in plasma"
Rs1800407(G;G),1,,"blue/gray eyes more possible"
Rs28399444(-;AA),1,,"Reduced CYP2A6 metabolism; impaired nicotine metabolism?"
Rs2302009(G;T),1,,normal
Rs4148739(A;G),1,Good,"7x more likely to respond to certain antidepressants"
Rs800292(C;T),1,Good,"1% decreased risk of macular degeneration"
Rs3827760(C;T),1,,"increased odds of straighter, thicker hair as well as shovel-shaped incisors"
Rs28371733(A;G),1,,"Carrier of one CYP2D6*52 variant."
Rs2235040(A;A),1,Good,"7x more likely to respond to certain antidepressants"
Rs11549407(C;T),1,Bad,"Beta Thalassemia carrier, Beta Thalassemia intermedia, Hemoglobin beta-zero, nonsense mutation"
Rs1800401(C;T),1,,"brown/black eyes more likely"
Rs2814778(A;A),1,,Duffy-positive
Rs1801274(C;C),1,Good,"normal risk for cancer progression"
Rs3735684(T;T),1,Bad,"associated with increased colorectal cancer risk"
Rs1566734(G;G),1,Bad,"somatic mutation found once in a colon cancer"
Rs807701(T;T),1,Good,"Normal dyslexia risk"
Rs2854747(C;T),1,,"2659.70ng/mL of IGFBP-3 in plasma"
Rs492602(C;T),1,Good,"Normal B12 levels"
Rs926103(A;A),1,Bad,"Possible increased risk of multiple sclerosis if SH2D2A promoter GA repeat=16"
Rs1975197(C;C),1,Good,"Normal risk of developing restless legs syndrome"
Rs5326(A;G),1,,"possible psychiatric risks"
Rs2235040(A;G),1,Good,"7x more likely to respond to certain antidepressants"
Rs1800469(C;C),1,,"lower TGF-1 levels, higher risk for COPD?"
Rs5174(G;G),1,Good,"Normal risk for heart disease"
Rs199533(C;C),1,Good,"Normal risk of developing Parkinson's Disease"
Rs2230288(A;A),1,,"Homozygous for E326K variant of GBA gene"
Rs1800401(T;T),1,,"brown/black eyes more likely"
Rs2011077(A;A),1,Good,"Normal risk of developing prostate cancer, BPH, and metastatic prostate cancer"
Rs11362(A;G),1,,
Rs486907(G;G),1,Good,"Normal prostate cancer risk"
Rs2854747(C;C),1,,"2326.08ng/mL of IGFBP-3 in plasma"
Rs492602(T;T),1,Good,"Normal B12 levels"
Rs140701(G;G),1,Good,"Normal risk for anxiety disorders"
Rs1052576(G;G),1,Bad,"Increased risk of multiple myeloma, B-cell neoplasms, and cancer in general"
Rs3825776(A;A),1,Good,"Normal risk for ALS"
Rs10127939(A;A),1,Bad,"immunodeficiency, but not for 23andMe users"
Rs679620(G;G),1,,"higher risk for Achilles tendinopathy?"
Rs3749977(C;C),1,,"common (highest ability to smell cut grass)"
Rs1165205(T;T),1,Bad,normal
Rs1800469(C;T),1,,"slightly higher TGF-1 levels, higher risk for COPD?"
Rs2044859(T;T),1,Bad,Migraine
Rs1801020(C;C),1,Good,"Normal risk of developing heart disease"
Rs1800407(A;A),1,,"green/hazel/brown/black eyes more likely"
Rs1800896(G;G),1,Good,"Normal prostate cancer risk"
Rs11466024(A;G),1,,benign
Rs2228000(T;T),1,Bad,"statistically significant, but slight, increase in bladder cancer risk"
Rs1835740(A;G),1,,"unreplicated, higher risk for migraine"
Rs1801272(A;T),1,,"Reduced CYP2A6 metabolism; impaired nicotine metabolism?"
Rs1375144(T;T),1,Good,"Normal risk of developing bipolar disorder"
Rs2736990(T;T),1,Good,"Normal risk of developing Parkinson's Disease"
Rs3749977(C;T),1,,"lower ability to smell cut grass"
Rs364897(G;G),1,,"Homozygous for N188S variant of GBA gene"
Rs2235067(A;A),1,Good,"7x more likely to respond to certain antidepressants"
Rs187116(C;T),1,,"among patients with gastric cancer, risk for more aggressive form?"
Rs1800469(T;T),1,,"higher TGF-1 levels"
Rs1800407(A;G),1,,"green/hazel/brown/black eyes more likely"
Rs2280714(G;G),1,Good,"Normal risk of SLE"
Rs11466024(A;A),1,,benign
Rs4148739(G;G),1,Good,"7x more likely to respond to certain antidepressants"
Rs1835740(A;A),1,,"higher risk for migraine in 1 study which has not replicated"
Rs41549716(G;G),0.5,Good,"likely to be benign"
Rs1154510(A;G),0.5,Good,"likely to be benign"
Rs237025(T;T),0.5,,"no credible risk"
Rs2230288(A;G),0.5,,"E326K variant in GBA gene"
Rs35383149(A;G),0.5,Good,"likely to be benign"
Rs364897(A;G),0.5,,"N188S variant of the GBA gene"
Rs1800972(C;C),0.5,Bad,"normal risk"
Rs41549716(A;G),0.5,Good,"likely to be benign"
Rs1047031(A;G),0.5,Good,normal
Rs1128535(A;A),0.5,Bad,normal
Rs1800278(G;G),0.5,,
Rs28937899(C;C),0.3,Good,"common in clinvar"
Rs1804495(T;T),0.3,,
Rs1800972(C;G),0.2,Bad,"normal risk"
Rs1268524(A;G),0.2,,
Rs5400(C;C),0.1,,"normal sugar consumption"
Rs1804495(G;T),0.1,,
Rs1027557(A;G),0.1,,"heterozygosity seems common"
Rs1080983(A;G),0.1,,common
Rs1726866(C;C),0.1,Good,"can taste bitter"
Rs1080985(C;C),0.1,,"a common variant"
Rs4331145(G;G),0.1,,"increased risk of schizophrenia in limited study"
Rs2373115(G;G),0.1,,
Rs1080985(C;G),0.1,,"a common variant"
Rs1268524(G;G),0.1,,
Rs3807153(C;C),0.1,,benign
Rs1726866(C;T),0.1,,"can taste bitter"
Rs1018381(C;C),0.1,Good,"normal cognitive ability"
Rs500760(G;G),0.02,,
Rs500760(A;G),0.01,,
Rs6198(A;A),0,,
Rs1495465(G;G),0,Good,"common in complete genomics"
Rs28937582(A;A),0,Good,"common in clinvar"
Rs72653166(G;G),0,Good,"common in clinvar"
Rs1811399(T;T),0,Good,
Rs28941476(C;C),0,,
Rs1055821(C;C),0,Good,"common in clinvar"
Rs3815676(A;A),0,Good,
Rs35348864(I;I),0,Good,
Rs143383(C;C),0,,"normal risk for osteoarthritis"
Rs61753971(G;G),0,Good,"common in clinvar"
Rs28934003(A;A),0,Good,"common in complete genomics"
Rs8177517(A;A),0,Good,"common in complete genomics"
Rs2025934(C;C),0,Good,
Rs35576928(C;C),0,Good,
Rs2243380(G;G),0,Good,"common in complete genomics"
Rs1052483(C;C),0,Good,"common in complete genomics"
Rs958408(C;C),0,Good,"common in complete genomics"
Rs906807(A;A),0,Good,"common in clinvar"
Rs63750945(CC;CC),0,Good,"common in clinvar"
Rs1874792(G;G),0,Good,"common in complete genomics"
Rs28942089(C;C),0,Good,"common in clinvar"
Rs272889(C;T),0,Good,"common in complete genomics"
Rs10490625(C;C),0,Good,"common in complete genomics"
Rs34389944(G;G),0,Good,"common in complete genomics"
Rs28928893(T;T),0,Good,"common in clinvar"
Rs58380626(T;T),0,Good,"common in clinvar"
Rs997669(G;G),0,,"normal risk"
Rs1169305(T;T),0,Good,"common in clinvar"
Rs3213119(C;C),0,,
Rs72650702(C;C),0,Good,"common in clinvar"
Rs2301436(G;G),0,Good,
Rs362307(G;G),0,,
Rs4988234(G;G),0,Good,"common in complete genomics"
Rs700519(C;C),0,Good,"common in complete genomics"
Rs28937287(T;T),0,Good,"common in clinvar"
Rs28939079(A;A),0,Good,"common in clinvar"
Rs1150754(G;G),0,Good,"common on affy axiom data"
Rs2268578(C;C),0,,normal
Rs72664237(C;C),0,Good,"common in clinvar"
Rs62637015(G;G),0,Good,"common in clinvar"
Rs35849348(G;G),0,Good,"common in complete genomics"
Rs2143340(T;T),0,Good,common
Rs28999112(C;C),0,Good,"common in clinvar"
Rs63749964(T;T),0,Good,"common in clinvar"
Rs25673(A;A),0,Good,"common on affy axiom data"
Rs1800575(C;C),0,Good,"common in clinvar"
Rs11568563(A;A),0,Good,"common in complete genomics"
Rs2104286(A;G),0,Bad,"1.4x risk for RA; 1.3x for T1D; also MS?"
Rs41310709(C;C),0,Good,"common in clinvar"
Rs17602729(G;G),0,Good,"normal (orientation reversed)"
Rs61751281(G;G),0,Good,"common in clinvar"
Rs28936693(A;A),0,,
Rs72555365(C;C),0,Good,"common in clinvar"
Rs30832(G;G),0,Good,"common in complete genomics"
Rs28940270(G;G),0,Good,"common in clinvar"
Rs3804795(A;A),0,Good,"common in complete genomics"
Rs34856846(T;T),0,Good,"common in clinvar"
Rs34915311(T;T),0,Good,"common in complete genomics"
Rs28937272(A;A),0,Good,"common in clinvar"
Rs61491953(C;C),0,Good,"common in clinvar"
Rs892086(C;T),0,,normal
Rs1799883(A;A),0,Good,"Two copies of the Thr allele in the FABP2 is associated with significantly increased sensitivity to saturated fats. Also contributes to increased refined carb sensitivity."
Rs28928905(G;G),0,Good,"common in clinvar"
Rs8187643(G;G),0,Good,"common in complete genomics"
Rs45586240(C;C),0,Good,"common in clinvar"
Rs72653769(T;T),0,Good,"common in clinvar"
Rs34283263(C;C),0,Good,"common on affy axiom data"
Rs855913(G;G),0,Good,"common in complete genomics"
Rs2074190(T;T),0,,common
Rs2074356(C;C),0,Good,"common in complete genomics"
Rs2282440(C;C),0,Good,"common in complete genomics"
Rs28937313(T;T),0,,
Rs2641348(T;T),0,Good,"common in complete genomics"
Rs2231137(A;A),0,Good,normal
Rs72664210(G;G),0,Good,"common in clinvar"
Rs61750064(I;I),0,Good,
Rs33952266(GC;GC),0,Good,"common in clinvar"
Rs28931573(C;C),0,Good,"common in clinvar"
Rs45471299(C;C),0,Good,"common in clinvar"
Rs28931592(T;T),0,,
Rs28371694(G;G),0,,
Rs28935168(G;G),0,,
Rs28371735(G;G),0,,
Rs2187668(G;G),0,Good,average
Rs72554664(G;G),0,Good,"common in clinvar"
Rs144848(T;T),0,Good,normal
Rs72648356(G;G),0,Good,"common in clinvar"
Rs28940587(G;G),0,,
Rs61752895(C;C),0,Good,"common in clinvar"
Rs28897698(G;G),0,Good,"common in clinvar"
Rs35291591(T;T),0,Good,"common in complete genomics"
Rs28939672(C;C),0,Good,"common in clinvar"
Rs61751449(C;C),0,Good,"common in clinvar"
Rs16906252(G;G),0,,
Rs267734(A;A),0,Good,"common in complete genomics"
Rs28933376(G;G),0,,
Rs62514893(G;G),0,Good,"common in clinvar"
Rs8176058(C;C),0,Good,common
Rs61751439(C;C),0,Good,"common in clinvar"
Rs35086888(C;C),0,Good,"common in clinvar"
Rs3894(C;C),0,Good,"common on affy axiom data"
Rs1027557(A;A),0,,
Rs3024505(C;C),0,,
Rs28936668(T;T),0,,
Rs28940883(T;T),0,,
Rs1401492(G;G),0,Good,"common in complete genomics"
Rs72664285(C;C),0,Good,"common in clinvar"
Rs59897026(T;T),0,Good,"common in clinvar"
Rs34224604(A;A),0,Good,"common in clinvar"
Rs1800435(G;G),0,Good,"common in clinvar"
Rs57977969(A;A),0,Good,"common in clinvar"
Rs3734905(C;C),0,Good,"common on affy axiom data"
Rs28928870(C;C),0,Good,"common in clinvar"
Rs28936670(G;G),0,,"reversed normal"
Rs45520836(G;G),0,Good,"common in clinvar"
Rs1796993(G;G),0,,
Rs212077(C;C),0,Good,"common in complete genomics"
Rs3748051(A;A),0,Good,"common in complete genomics"
Rs1800468(G;G),0,,
Rs28937871(A;A),0,Good,"common in complete genomics"
Rs3909184(C;C),0,Good,common
Rs28929469(C;C),0,Good,"common in clinvar"
